category,datetime,headline,id,image,related,source,summary,url
top news,1715188920,Why coffee futures may have already hit their peak for the year,7365018,,,MarketWatch,"Coffee futures rallied last month, with the benchmark robusta variety climbing to a record and prices for arabica at their highest since 2022. But analysts suggest that prices for both have topped out for the year as weather conditions in Vietnam look to improve.",https://www.marketwatch.com/story/why-coffee-futures-may-have-already-hit-their-peak-for-the-year-ac7bf162
top news,1715190060,Stock-market bulls shouldn’t fear a long Fed pause before interest-rate cuts,7365022,,,MarketWatch,History shows the S&P 500 tends to do well when the Federal Reserve leaves rates on hold.,https://www.marketwatch.com/story/stock-market-bulls-shouldnt-fear-a-long-fed-pause-before-interest-rate-cuts-044a9328
top news,1715190360,"Two more reasons for Victoria’s Secret’s troubles? Kim Kardashian and Rihanna, analyst suggests.",7365025,,,MarketWatch,Analysts are worried about Victoria’s Secret losing market share — potentially to brands from celebrities like Kim Kardashian and Rihanna — and cutting prices in an effort to spur demand.,https://www.marketwatch.com/story/two-more-reasons-for-victorias-secrets-troubles-kim-kardashian-and-rihanna-analyst-suggests-924610dc
top news,1715191192,"Campus protests, FAFSA delays plagued college admissions this year—how it affects incoming students, from college counselors",7365026,https://image.cnbcfm.com/api/v1/image/107410238-1714757354384-gettyimages-2150571821-5ah03580.jpeg?v=1715191338&w=1920&h=1080,,CNBC,"FAFSA delays, campus protests, Supreme Court decisions and more combined to create a perfect storm of issues plaguing this year's college admissions cycle.",https://www.cnbc.com/2024/05/08/campus-protests-fafsa-delays-plague-college-admissions-process.html
top news,1715193060,"If the economic outlook is so good, why are people tapping their 401(k)s?",7365031,,,MarketWatch,Bank of America has suddenly reported a sharp jump in the size of loans and hardship withdrawals from its 401(k) plans,https://www.marketwatch.com/story/if-the-economic-outlook-is-so-good-why-are-people-tapping-their-401-k-s-9f194c80
top news,1715193840,Jackpot! Slot-machine gamblers could keep more of their winnings from IRS scrutiny under proposed rule,7365039,,,MarketWatch,Gamblers who play slot machines may soon be able to win more money before the Internal Revenue Service takes notice — and it could be the recent stretch of hot inflation that melts away some longstanding rules around gambling and taxes.,https://www.marketwatch.com/story/jackpot-slot-machine-gamblers-could-keep-more-of-their-winnings-from-irs-scrutiny-under-proposed-rule-5b286584
top news,1715194320,Wells Fargo names JPM veteran as corporate and investment bank co-CEO in bulk-up,7365038,,,MarketWatch,Fernando Rivas is joining the bank as it staffs up its investment-banking practice.,https://www.marketwatch.com/story/wells-fargo-names-jpm-veteran-as-corporate-and-investment-bank-co-ceo-in-bulk-up-0e420b75
top news,1715194432,"Wall Street analyst jumps to Disney's defense — plus, why Broadcom is bucking the chip decline",7365045,https://image.cnbcfm.com/api/v1/image/107230469-1682422706298-gettyimages-1484947260-dsc03818_bxnnni40.jpeg?v=1682422797&w=1920&h=1080,,CNBC,"Every weekday, the Investing Club releases the Homestretch; an actionable afternoon update just in time for the last hour of trading.",https://www.cnbc.com/2024/05/08/wall-street-analyst-jumps-to-disneys-defense-plus-why-broadcom-is-bucking-the-chip-decline.html
top news,1715194500,"Stock-market crash fears are fading, according to options traders",7365037,,,MarketWatch,"As U.S. stocks have rebound from last month’s selloff, options traders aren’t buying as many contracts that would pay off if the market were to crash.",https://www.marketwatch.com/story/stock-market-crash-fears-are-fading-according-to-options-traders-6a4aa2b4
business,1715194511,Applebee's owner Dine Brands wants to steal fast-food customers with its deals,7365042,https://image.cnbcfm.com/api/v1/image/102107940-IMG_3383.jpg?v=1715191605&w=1920&h=1080,,CNBC,"Low-income consumers visited less frequently and spent more carefully when they did eat out in the first quarter, Dine Brands CEO John Peyton said.",https://www.cnbc.com/2024/05/08/applebees-owner-dine-brands-targets-fast-food-customers.html
top news,1715195340,Credit scores got ‘artificially higher’ during COVID. Now many borrowers can’t pay their debts.,7365044,,,MarketWatch,"Pandemic-era policies appear to have produced “artificially higher” consumer credit scores, according to Columbia Threadneedle.",https://www.marketwatch.com/story/credit-scores-got-artificially-higher-during-covid-now-many-borrowers-cant-pay-their-debts-4e44136a
top news,1715196300,Apple’s AI future can be summed up with a big question mark,7365049,,,MarketWatch,"How will ‘Apple Intelligence’ differ from Google, Amazon and other rivals?",https://www.marketwatch.com/story/apples-ai-future-can-be-summed-up-with-a-big-question-mark-f792336a
top news,1715196420,"Price of engineered-wood siding soars 38%, fueling earnings beat for LP Building",7365048,,,MarketWatch,"LP Building’s stock took flight Wednesday toward a fresh record close, after the wood building products maker beat first-quarter earnings expectations and raised its full-year outlook.",https://www.marketwatch.com/story/price-of-engineered-wood-siding-soars-38-fueling-earnings-beat-for-lp-building-3580794a
top news,1715198820,"Home prices keep climbing nationally, but they’re falling in these 15 markets",7365054,,,MarketWatch,"Home prices see growth in 93% of U.S. metropolitan areas despite ‘highest mortgage rates in two decades,’ National Association of Realtors says says.",https://www.marketwatch.com/story/home-prices-keep-climbing-nationally-but-theyre-falling-in-these-15-markets-9e44c214
top news,1715198940,Extending Trump’s tax cuts could ‘run the deficit into the stratosphere.’ Here’s how much that could cost.,7365053,,,MarketWatch,"Extending a spate of the 2017 tax cuts enacted under former President Donald Trump could cost $4.6 trillion over 10 years, according to a fresh estimate on Wednesday.",https://www.marketwatch.com/story/extending-trumps-tax-cuts-could-run-the-deficit-into-the-stratosphere-heres-how-much-that-could-cost-f504fcef
top news,1715199840,"Airbnb expects a stronger summer quarter, spurred by Olympics, but shares fall",7365066,,,MarketWatch,"Online vacation-rental platform Airbnb Inc. on Wednesday forecast second-quarter sales that were below Wall Street’s expectations, largely due to Easter falling in March this year, but the company said big events abroad like the Summer Olympics in Paris and the Euro Cup would help sales over the summer.",https://www.marketwatch.com/story/airbnb-expects-a-stronger-summer-quarter-spurred-by-olympics-but-shares-fall-a3cea628
top news,1715200020,"Bitcoin is trading sideways, but get ready for another rally in September",7365065,,,MarketWatch,"A weekly look at the most important news and moves in crypto, and what’s on the horizon in digital assets.",https://www.marketwatch.com/story/bitcoin-is-trading-sideways-but-get-ready-for-another-rally-in-september-a9c92797
top news,1715200080,"Arm crushes earnings expectations, but stock falls as forecast lacks wow factor",7365064,,,MarketWatch,"After a sharp run for Arm shares recently, they looked set to give back some of their gains after Wednesday afternoon’s earnings report.",https://www.marketwatch.com/story/arm-crushes-earnings-expectations-but-stock-falls-as-forecast-lacks-wow-factor-485d7056
top news,1715200260,Apple’s shockingly bad iPad ad is poorly timed and raising many questions,7365073,,,MarketWatch,"Apple Inc.’s new ad for the latest iPad is a shockingly bad image for a company that has for years sold its products to creators, sparking a fury of outraged comments among consumers and its customers.",https://www.marketwatch.com/story/apples-shockingly-bad-ipad-ad-is-poorly-timed-and-raising-many-questions-fff8f536
top news,1715200800,"Robinhood’s stock rallies 7% as company swings to profit, drums up more business",7365072,,,MarketWatch,Robinhood says it snapped up business from brokerage rivals and made inroads among gold investors.,https://www.marketwatch.com/story/robinhoods-stock-rallies-7-as-company-swings-to-profit-drums-up-more-business-20ac8339
top news,1715200920,Investors in Uber and other gig companies could be hoping for a Trump win in November. Here’s why.,7365071,,,MarketWatch,"Biden’s policies are seen as much more friendly to gig workers, and his re-election could offer a fresh challenge for companies like Lyft and DoorDash.",https://www.marketwatch.com/story/investors-in-uber-and-other-gig-companies-could-be-hoping-for-a-trump-win-in-november-heres-why-c89db17a
top news,1715201077,The New York Mets are selling a $40 steak and lobster sandwich—is it worth the money?,7365347,https://image.cnbcfm.com/api/v1/image/107412401-1715199296740-IMG_7146.jpg?v=1715199432&w=1920&h=1080,,CNBC,The pricey sandwich features six ounces of Pat LaFrieda filet mignon and four ounces of lobster salad.,https://www.cnbc.com/2024/05/08/i-tried-the-mets-new-40-dollar-steak-and-lobster-sandwich.html
top news,1715201100,"Barry Sternlicht says the Fed’s ‘tool kit is flawed’ for this economy, urges Fed rate cuts",7365081,,,MarketWatch,"Regional banks and the federal government are big losers of higher rates, but so are cities reeling from wobbling commercial real estate, says Starwood Property Trust’s CEO.",https://www.marketwatch.com/story/barry-sternlicht-says-the-feds-tool-kit-is-flawed-for-this-economy-urges-fed-rate-cuts-2eb68375
top news,1715201280,AppLovin’s stock gains as earnings highlight improvements in app ad market,7365080,,,MarketWatch,"Investors were liking the latest numbers from AppLovin on Wednesday, as its stock headed higher in the extended session.",https://www.marketwatch.com/story/applovins-stock-gains-as-earnings-highlight-improvements-in-app-ad-market-c80d4c3b
top news,1715201400,The real winner of the Drake-Kendrick Lamar feud is this Chinese restaurant,7365079,,,MarketWatch,"The rap beef between Drake and Kendrick Lamar is leading to more sales of, well, beef.",https://www.marketwatch.com/story/the-real-winner-of-the-drake-kendrick-lamar-feud-is-this-chinese-restaurant-932e87b2
top news,1715201578,TikTok sued the U.S. government to block a ban. Here’s what happens now,7365082,https://image.cnbcfm.com/api/v1/image/107214320-16796010862023-03-23t192330z_1625634849_rc2uzz9focwe_rtrmadp_0_usa-tiktok-congress.jpeg?v=1679601211&w=1920&h=1080,,CNBC,TikTok on Tuesday sued the U.S. government over a law that would force Chinese parent ByteDance to sell the app or face a national ban.,https://www.cnbc.com/2024/05/08/tiktok-sued-the-us-government-to-block-a-ban-heres-what-happens-now.html
top news,1715201760,AMC’s Q1 loss narrows and ‘better times are ahead’ says CEO Adam Aron,7365078,,,MarketWatch,"AMC Entertainment Holdings Inc. narrowed its loss in the company’s first-quarter results after the bell Wednesday, and outperformed amid the lingering impact of the Hollywood writers’ and actors’ strikes, according to Chief Executive Adam Aron.",https://www.marketwatch.com/story/amcs-q1-loss-narrows-and-better-times-are-ahead-says-ceo-adam-aron-a8603887
top news,1715202420,"Instacart names Uber veteran its new CFO, as results top estimates",7365083,,,MarketWatch,"Maplebear Inc. — the grocery-delivery platform better known as Instacart — said Wednesday that its chief financial officer had resigned, effective immediately, and appointed a veteran of Uber Technologies Inc. in his place.",https://www.marketwatch.com/story/instacart-names-uber-veteran-its-new-cfo-as-results-top-estimates-e344733d
top news,1715203320,Trade Desk scores earnings beat as it continues to ride momentum in connected TV,7365086,,,MarketWatch,Continued growth in advertisements on connected TV helped Trade Desk Inc. beat earnings expectations for the latest quarter when it reported results Wednesday afternoon.,https://www.marketwatch.com/story/trade-desk-scores-earnings-beat-as-it-continues-to-ride-momentum-in-connected-tv-a6ffa435
top news,1715203380,"Beyond Meat faces less demand, more discounts for its fake meat",7365085,,,MarketWatch,"Beyond Meat sees less demand for its plant-based meats, blames inflation and high interest rates.",https://www.marketwatch.com/story/beyond-meat-faces-less-demand-more-discounts-for-its-fake-meat-7c6809b5
top news,1715205540,U.S. states’ tax revenue from legal cannabis tops $20 billion since 2014: study,7365102,,,MarketWatch,"U.S. states’ tax revenues from legal cannabis sales have surpassed $20 billion in total since the recreational marijuana industry kicked off 10 years ago, according to a study by the Marijuana Policy Project.",https://www.marketwatch.com/story/u-s-states-tax-revenue-from-legal-cannabis-tops-20-billion-since-2014-study-085471ab
top news,1715206140,"Duolingo’s longer-term forecast gets brighter, but short-term outlook disappoints",7365101,,,MarketWatch,"Duolingo Inc. on Wednesday said it saw a jump in demand in the first quarter, but investors appeared more concerned about the second, even as the language-learning app offered up more optimism further out.",https://www.marketwatch.com/story/duolingos-longer-term-forecast-gets-brighter-but-short-term-outlook-disappoints-68d3c456
top news,1715209201,"Megacap tech may be the ultimate ‘quality’ play in an uncertain economy, The ETF Store president suggests",7365120,https://image.cnbcfm.com/api/v1/image/107412163-1715182225684-gettyimages-1527651823-dsc08108copy.jpeg?v=1715182269&w=1920&h=1080,,CNBC,"Technology is currently the largest sector in the S&amp;P 500 per FactSet, comprising nearly 30% of the index.",https://www.cnbc.com/2024/05/08/why-tech-is-outperforming-markets-despite-higher-interest-rates.html
top news,1715209680,"Disney+, Hulu and Max to be part of new bundle as streaming rivals team up",7365108,,,MarketWatch,Disney and Warner Bros. Discovery announced a new streaming bundle Wednesday that will be offered to customers beginning this summer.,https://www.marketwatch.com/story/disney-hulu-and-max-to-be-part-of-new-bundle-as-streaming-rivals-team-up-c6c78d2e
top news,1715210873,Masimo activist director Koffey demands ‘basic’ information on company’s proposed spinoff,7365118,https://image.cnbcfm.com/api/v1/image/105621740-1544563988101img_5828r.jpg?v=1685797632&w=1920&h=1080,,CNBC,Masimo activist Quentin Koffey says he'll pursue litigation if the health-tech company doesn't provide information on a proposed spinout of a business unit.,https://www.cnbc.com/2024/05/08/masimo-activist-asks-for-basic-information-on-proposed-deal.html
top news,1715215620,"Sony, Apollo reportedly plan to break up Paramount if their buyout bid succeeds",7365126,,,MarketWatch,"Paramount Global’s vast entertainment empire would be broken up if a buyout bid from Sony Pictures Entertainment and Apollo Global Management succeeds, according to a new report.",https://www.marketwatch.com/story/sony-apollo-reportedly-plan-to-break-up-paramount-if-their-bid-succeeds-4d032ff4
top news,1715216220,BOJ’s policy board becoming more concerned about effects of a weaker yen,7365125,,,MarketWatch,"The Bank of Japan’s policy board is becoming more concerned about upside risks to its inflation outlook amid the yen’s sharp weakening which leads to higher import prices, according to a summary of opinions from its latest April meeting released Thursday.",https://www.marketwatch.com/story/boj-s-policy-board-becoming-more-concerned-about-effects-of-a-weaker-yen-ff7e9cbe
top news,1715239380,Ten-year Treasury yields back up to 4.5% as rate-cut optimism dims,7365187,,,MarketWatch,Bond yields moved higher early Thursday as recent hopes over a summer rate cut were pared somewhat.,https://www.marketwatch.com/story/ten-year-treasury-yields-back-up-to-4-5-as-rate-cut-optimism-dims-a04c3a50
top news,1715241240,Retail traders are using 0DTE options again — and this is what they’re doing,7365196,,,MarketWatch,"Retail traders are turning again to the popular, but risky, strategy of trading short-term options.",https://www.marketwatch.com/story/retail-traders-are-using-0dte-options-again-and-this-is-what-theyre-doing-a1e745ce
top news,1715243280,Neuralink faces problems with first implant ever installed in human brain,7365199,,,MarketWatch,Elon Musk’s startup said ‘threads’ that connect the implant to Noland Arbaugh’s brain had ‘retracted’ in the weeks following the surgery,https://www.marketwatch.com/story/neuralink-faces-problems-with-first-implant-ever-installed-in-human-brain-3ca2e0b8
top news,1715245440,The multi-talented 2025 BMW X5 stands out among midsize luxury SUVs,7365203,,,MarketWatch,"The 2025 BMW X5 is an exceptional contender in the midsize luxury SUV arena, with a multi-talented package.",https://www.marketwatch.com/story/the-multi-talented-2025-bmw-x5-stands-out-among-midsize-luxury-suvs-45bbc4b2
top news,1715245500,Sofia Vergara finally sells her glamorous Beverly Hills estate for a reduced price—$13.7 million,7365202,,,MarketWatch,The actress has at last sold her Tuscan mansion after two years of cutting the price.,https://www.marketwatch.com/story/sofia-vergara-finally-sells-her-glamorous-beverly-hills-estate-for-a-reduced-price-13-7-million-ee6c5645
top news,1715247180,Junior bankers crumble under 90-hour weeks prompting fresh pushback,7365211,,,MarketWatch,"Investment banks are working their juniors as hard as ever, forcing many into working weeks that stretch beyond 90 hours. This is prompting a fresh pushback from analysts and associates to overhaul work-life balance in the sector, according to conversations with bankers and research by Financial News.",https://www.marketwatch.com/story/junior-bankers-crumble-under-90-hour-weeks-prompting-fresh-pushback-154c91dc
top news,1715249700,‘I received accolades’: I reported a toxic coworker who threatened me — and I was terminated after 7 years of stellar employment. What can I do?,7365220,,,MarketWatch,"“Part of my job was to negotiate and sign contracts on behalf of the organization, such as hotel points.”",https://www.marketwatch.com/story/i-received-accolades-i-reported-a-toxic-coworker-who-threatened-me-and-i-was-terminated-after-7-years-of-stellar-employment-what-can-i-do-1f171c30
top news,1715250420,Bridgewater’s new CEO says hedge fund must be ‘rewired’ following Ray Dalio’s exit,7365219,,,MarketWatch,"Nir Bar Dea, who took up his position in March 2023, said the fund needs its “independence,” as its performance has faltered in the wake of Dalio’s decision to step down",https://www.marketwatch.com/story/bridgewaters-new-ceo-says-hedge-fund-must-be-rewired-following-ray-dalios-exit-c8b6f845
top news,1715250540,"Boeing plane skids off runway in Senegal, causing injuries",7365222,,,MarketWatch,"A Boeing-made plane skidded off the runaway in Senegal on Thursday, authorities said.",https://www.marketwatch.com/story/boeing-plane-skids-off-runway-in-senegal-causing-injuries-949c9b10
top news,1715250720,Six Flags’ stock dips after theme park operator posts wider-than-expected loss,7365221,,,MarketWatch,"Six Flags Entertainment Corp.’s stock dipped 0.3% early Thursday, after the theme park operator posted a wider-than-expected first-quarter loss and revenue that lagged estimates.",https://www.marketwatch.com/story/six-flags-stock-dips-after-earnings-fall-short-of-estimates-ba73993c
top news,1715251560,Oil futures extend rise seen after drop in U.S. crude inventories,7365235,,,MarketWatch,"Oil futures trade higher Thursday, building on bounce seen after data the previous session showed a drop in crude inventories.",https://www.marketwatch.com/story/oil-futures-extend-rise-seen-after-drop-in-u-s-crude-inventories-0d95caaa
top news,1715251800,Three overlooked stocks from a Spanish quant: ‘Now is not a time everyone is going to win.’,7365234,,,MarketWatch,"This Spanish fund manager that focuses on U.S. stocks, offers three overlooked names, and says AI is just a part of their stories.",https://www.marketwatch.com/story/three-overlooked-stocks-from-a-spanish-quant-now-is-not-a-time-everyone-is-going-to-win-f3f84770
top news,1715252400,Fans of Panera Bread’s controversial ‘charged’ lemonades are upset the drinks are going away,7365240,,,MarketWatch,The fast-casual chain faced concerns and legal action because some customers said they had severe medical reactions to the beverages.,https://www.marketwatch.com/story/fans-of-panera-breads-controversial-charged-lemonades-are-upset-the-drinks-are-going-away-b94d734c
top news,1715253240,Planet Fitness’ stock slides 11% after company lowers guidance to reflect cautious consumer,7365257,,,MarketWatch,"Planet Fitness Inc.’s stock fell 11% early Thursday, after the operator of fitness centers lowered its full-year guidance to reflect a more cautious consumer that led first-quarter revenue to fall slightly short of estimates.",https://www.marketwatch.com/story/planet-fitness-stock-slides-9-after-d6ce9e9f
top news,1715253300,Bond yields and the pound fall as two Bank of England members vote for cut,7365256,,,MarketWatch,U.K. bond yields and the British pound slipped on Thursday as the Bank of England saw two voters prefer an interest-rate cut.,https://www.marketwatch.com/story/bank-of-england-holds-rates-after-a-7-to-2-vote-fcc61f46
top news,1715253660,Americans shouldn’t have to endure blocks and delays when wiring money globally,7365255,,,MarketWatch,Other countries give nonbank payments providers direct access to their nation’s financial system.,https://www.marketwatch.com/story/americans-shouldnt-have-to-endure-blocks-and-delays-when-wiring-money-globally-08a9472a
top news,1715253840,Plug Power’s stock falls as losses dwarf revenue,7365254,,,MarketWatch,Plug Power’s stock was dropping as sales fell sharply and came up short of expectations.,https://www.marketwatch.com/story/plug-powers-stock-falls-as-losses-dwarf-revenue-d544d973
top news,1715254500,"Yeti’s stock heads for best day in 9 months after earnings beat, raised outlook",7365264,,,MarketWatch,"Yeti’s stock powered higher in Thursday’s premarket, after the drinkware and outdoor-products maker beat first-quarter earnings expectations and raised its full-year outlook, amid strength in coolers and international sales.",https://www.marketwatch.com/story/yetis-stock-surges-toward-biggest-gain-in-9-months-after-earnings-beat-raised-outlook-f3dffd43
top news,1715255100,"Companies race to borrow ahead of the Biden-Trump election, with costs of 2017 tax cuts in focus",7365277,,,MarketWatch,"“There’s obviously concerns about volatility coming into the election,” said Leslie Falconio, head of taxable fixed-income strategy, UBS Wealth Management.",https://www.marketwatch.com/story/companies-race-to-borrow-ahead-of-the-biden-trump-election-with-costs-of-2017-tax-cuts-in-focus-174d4459
top news,1715255880,Warby Parker’s stock rises after company raises guidance and offsets quarterly loss,7365276,,,MarketWatch,"Warby Parker Inc.’s stock was on track to open higher Thursday, after the maker of eyewear raised its full-year revenue guidance and offset a surprise first-quarter loss.",https://www.marketwatch.com/story/warby-parkers-stock-rises-after-company-raises-guidance-and-offsets-surprise-quarterly-loss-4492d9ec
top news,1715256120,"AMC will navigate box-office challenges and tackle $4.5 billion debt load, says Benchmark",7365282,,,MarketWatch,"AMC, the movie-theater chain and original meme stock, reported first-quarter results after the bell Wednesday, and cited the impact of last year’s Hollywood strikes.",https://www.marketwatch.com/story/amc-will-navigate-box-office-challenges-and-tackle-4-5-billion-debt-load-says-benchmark-089880b9
top news,1715256180,Advertising legend Maurice Saatchi says big companies are ‘now worse than Big Government’,7365281,,,MarketWatch,"The man behind many memorable ad campaigns has written a new book, ‘Orgasm,’ that aims to challenge some widely held political, societal and financial beliefs",https://www.marketwatch.com/story/advertising-legend-maurice-saatchi-says-big-companies-are-now-worse-than-big-government-f27d469b
top news,1715257140,Warner Music Group’s stock dips 4% after profit falls short of estimates,7365288,,,MarketWatch,"Revenue from recorded music rose 4%, while revenue from music publishing rose 19%",https://www.marketwatch.com/story/warner-music-groups-stock-dips-after-profit-falls-short-of-estimates-b263d3e5
top news,1715258040,Jobless claims climb sharply to highest level in nine months,7365291,,,MarketWatch,"Initial jobless claims rose by 22,000 to 231,000 in the week ended May 4, the Labor Department said Thursday.  That’s the highest level since last August.",https://www.marketwatch.com/story/jobless-claims-climb-sharply-to-highest-level-in-nine-months-5e799341
top news,1715259051,Climate crisis brings high school friends together to back startups overlooked by other VCs,7365314,https://image.cnbcfm.com/api/v1/image/107404200-1713565388430-Starshot_cofounders_outdoors_IMG_2907.jpeg?v=1713565537&w=1920&h=1080,,CNBC,Starshot Capital has raised $35 million to invest in climate-focused startups.,https://www.cnbc.com/2024/05/09/starshot-raises-35-million-to-back-climate-focused-startups.html
top news,1715259360,Warner Bros. Discovery’s stock falls as earnings reflect traditional-media woes,7365307,,,MarketWatch,"Traditional media businesses have had a tough time even as they navigate a march into the streaming era, and WBD’s earnings could be the latest example of that.",https://www.marketwatch.com/story/warner-bros-discoverys-stock-falls-after-company-posts-wider-than-expected-loss-and-revenue-that-lags-consensus-04ec9d7d
top news,1715259420,FTSE 100 hits fresh record as Bank of England signals summer rate cut,7365318,,,MarketWatch,The prospect of lower borrowing costs helped push U.K. stocks to a fresh record high on Thursday.,https://www.marketwatch.com/story/ftse-100-hits-fresh-record-as-bank-of-england-signals-summer-rate-cut-7e5dda18
top news,1715259575,Activist Ancora wins three board seats at Norfolk Southern but falls short of ousting CEO,7365312,https://image.cnbcfm.com/api/v1/image/107231688-1682543857645-IMG_1135r.jpg?v=1682544063&w=1920&h=1080,,CNBC,"Norfolk Southern shareholders elected three of Ancora's seven director nominees, Ancora Alternatives president Jim Chadwick said Thursday.",https://www.cnbc.com/2024/05/09/norfolk-southern-activist-wins-three-board-seats-at-railroad.html
top news,1715260440,"Coach, Kate Spade parent reports revenue miss amid weakness in North America",7365323,,,MarketWatch,"Tapestry’s stock dropped toward a four-month low in premarket trading Thursday, after the fashion company reported fiscal third-quarter revenue that fell short of expectations, with the Coach brand’s in-line sales offset by misses by Kate Spade and Stuart Weitzman.",https://www.marketwatch.com/story/coach-kate-spade-parents-stock-drops-after-revenue-comes-up-short-to-offset-a-profit-beat-0bd34f2b
top news,1715260663,Jim Cramer's top 10 things to watch in the stock market Thursday,7365326,https://image.cnbcfm.com/api/v1/image/107346623-1702410227830-gettyimages-1843514683-HOPE_GLOBAL_FORUMS.jpeg?v=1707864255&w=1920&h=1080,,CNBC,U.S. stock futures are flat after the latest jobs data.,https://www.cnbc.com/2024/05/09/jim-cramers-top-10-things-to-watch-in-the-stock-market-thursday.html
top news,1715262420,"Roblox’s stock tumbles after a big revenue miss, engagement weakness",7365342,,,MarketWatch,Roblox Corp.’s stock tumbled Thursday after the online gaming company reported first-quarter revenue that was well below expectations and provided a downbeat current-quarter outlook.,https://www.marketwatch.com/story/robloxs-stock-heads-for-record-selloff-after-big-revenue-miss-downbeat-outlook-21581a1a
top news,1715264160,"Nvidia, Micron and Super Micro among companies that shine in Wall Street’s ‘beat-and-raise’ game",7365357,,,MarketWatch,Investors should look at the numbers behind rising share prices.,https://www.marketwatch.com/story/nvidia-micron-and-super-micro-among-companies-that-shine-in-wall-streets-beat-and-raise-game-5d04afc7
top news,1715265600,Papa John’s stock sinks to 4-year low as lower deliveries led to a sales miss,7365358,,,MarketWatch,"Papa John’s stock sank toward a four-year low Thursday, after the pizza chain reported the biggest quarterly revenue miss in more than five years, amid a decline in the number of transactions and deliveries.",https://www.marketwatch.com/story/papa-johns-stock-gains-as-profit-beat-helps-offset-revenue-and-comparable-sales-misses-5ea8d878
top news,1715266020,Recession-wary investors are watching gasoline demand for clues to consumer health,7365366,,,MarketWatch,Investors are monitoring gasoline demand as they fret about the toll inflation is taking on consumers.,https://www.marketwatch.com/story/recession-wary-investors-are-watching-gasoline-demand-for-clues-to-consumer-health-fb53b9d7
top news,1715268000,Americans may be living longer — but they don’t expect to keep working,7365372,,,MarketWatch,"COVID-19’s impact on retirement expectations  could affect the labor market in years to come, the New York Fed says.",https://www.marketwatch.com/story/americans-may-be-living-longer-but-they-dont-expect-to-keep-working-e9f75f1e
top news,1715268900,Cronos’s stock leaps as strong cannabis-flower sales lead to record revenue,7365375,,,MarketWatch,"Shares of Cronos Group Inc. traded sharply higher Thursday after the cannabis company, citing strength in flower sales, reported first-quarter revenue that rose to a record and beat expectations.",https://www.marketwatch.com/story/cronos-stock-rallies-after-revenue-rises-to-a-record-amid-strength-in-cannabis-flower-sales-a0ca4c40
top news,1715269281,"40-year-old paid off $20,000 in credit card debt—her No. 1 piece of advice",7365382,https://image.cnbcfm.com/api/v1/image/107412385-1715197894438-240403-mi-07-mm-shonnita-leslie-edit-v200_07_41_04Still005_2.jpg?v=1715197984&w=1920&h=1080,,CNBC,"At one point, Shonnita Leslie was struggling to manage around $20,000 in credit card debt. Here's the strategy she used to pay it down.",https://www.cnbc.com/2024/05/09/millennial-who-paid-off-thousands-in-credit-card-debt-top-advice.html
top news,1715270074,Here's why we scooped up additional shares of these 2 lagging health-care stocks,7365383,https://image.cnbcfm.com/api/v1/image/107407590-17144020412024-04-29t144000z_1592157194_rc2dg7aa6bss_rtrmadp_0_usa-stocks.jpeg?v=1714764384&w=1920&h=1080,,CNBC,"The Investing Club holds its ""Morning Meeting"" every weekday at 10:20 a.m. ET.",https://www.cnbc.com/2024/05/09/why-jim-cramer-bought-more-shares-of-these-2-lagging-health-care-stocks.html
top news,1715270580,"Mortgage rates inch down but stay over 7%, with home-buying sentiment at a record low",7365385,,,MarketWatch,The 30-year mortgage rate is averaging 7.09% Freddie Mac said in its latest weekly survey on Thursday.,https://www.marketwatch.com/story/mortgage-rates-inch-down-but-stay-over-7-with-home-buying-sentiment-at-a-record-low-f9d9f69c
top news,1715271060,Norfolk Southern shares down 3.2% after shareholders’ split decision in board battle,7365384,,,MarketWatch,Shares of Norfolk Southern Corp. are down 3.2% Thursday after a preliminary count of shareholder votes indicated a split decision in the keenly-fought battle for control of the company’s board.,https://www.marketwatch.com/story/norfolk-southern-shares-down-3-2-after-shareholders-split-decision-in-board-battle-ad600bf8
top news,1715271480,The feds are scrutinizing credit-card rewards. That could help frequent fliers get more out of their miles.,7365391,,,MarketWatch,"The Department of Transportation and the Consumer Financial Protection Bureau are exploring possible regulation of the credit-card rewards system and the frequent-flier programs linked to them, officials said at a joint hearing held by the DOT and CFPB on Thursday.",https://www.marketwatch.com/story/the-feds-are-scrutinizing-credit-card-rewards-that-could-help-frequent-fliers-get-more-out-of-their-miles-bdeb46c1
top news,1715271720,Federal student loan interest rates set to be highest in more than a decade,7365390,,,MarketWatch,Students heading to college this year could wind up paying more for their schooling than those in the recent past. That’s because federal student loan interest rates are set to be the highest they’ve been in more than a decade.,https://www.marketwatch.com/story/federal-student-loan-interest-rates-set-to-be-highest-in-more-than-a-decade-5a755b95
top news,1715271840,Tesla’s head of product launches quits after seven years—and takes a swipe at Elon Musk on his way out the door,7365389,,,MarketWatch,Otto Rich said morale has been crushed by recent layoffs and harmony is out of balance.,https://www.marketwatch.com/story/teslas-head-of-product-launches-quits-after-seven-yearsand-takes-a-swipe-at-elon-musk-on-his-way-out-the-door-0b42380a
top news,1715272680,‘My brother and sister are villains’: My siblings took control of my late mother’s estate and won’t reveal the contents of her trust. What should I do?,7365394,,,MarketWatch,"“They were always thick as thieves, and we were never what you would call close, but I never would have suspected them of this.”",https://www.marketwatch.com/story/my-brother-and-sister-are-villains-my-siblings-took-control-of-my-late-mothers-estate-and-wont-reveal-the-contents-of-her-trust-what-should-i-do-f7027eae
top news,1715274398,Port of Virginia is making big changes to become No. 1 on the East Coast for super-sized ocean containerships,7365407,https://image.cnbcfm.com/api/v1/image/107412389-1715198119410-port_of_va_trucking.jpeg?v=1715264942&w=1920&h=1080,,CNBC,Port of Virginia is nearing the end of a $450 million dredging project that will make it the widest and deepest waterway for ultra-sized ocean containerships.,https://www.cnbc.com/2024/05/09/port-of-virginia-has-a-big-plan-to-be-no-1-for-super-size-ocean-ships.html
top news,1715275140,This market rally could carry stocks to new all-time highs,7365405,,,MarketWatch,"Buy signals are appearing, but an oversold bounce can’t be ruled out.",https://www.marketwatch.com/story/this-market-rally-could-carry-stocks-to-new-all-time-highs-1bad19f6
business,1715275317,Shareholders push casinos to reassess indoor smoking,7365408,https://image.cnbcfm.com/api/v1/image/107412860-1715274078905-107412860-1715273986677-2009-11-10T120000Z_1210537568_GM1E5BA0YUX01_RTRMADP_3_ROUTE-RECOVERY.JPG?v=1715274091&w=1920&h=1080,,CNBC,Advocates for smoking bans point to research by C3 Gaming that concluded smoke-free casinos generate more revenue and outperform competitors that allow smoking.,https://www.cnbc.com/2024/05/09/casinos-face-shareholder-votes-over-indoor-smoking.html
top news,1715276760,"‘What’s the f—ing point’: With mortgage rates above 7%, home buyers are still getting outbid by all-cash offers",7365426,,,MarketWatch,"In spite of mortgage rates exceeding 7%, prospective home buyers face intense bidding wars over a small pool of homes listed for sale.",https://www.marketwatch.com/story/whats-the-fing-point-with-mortgage-rates-above-7-home-buyers-are-still-getting-outbid-by-all-cash-offers-bed26ec7
top news,1715277660,Extending Trump’s tax cuts could stick these 6 groups with a big bill,7365429,,,MarketWatch,The strategy of funding tax cuts with debt may no longer be feasible.,https://www.marketwatch.com/story/extending-trumps-tax-cuts-could-stick-these-6-groups-with-a-big-bill-73f05fd6
top news,1715279100,"‘Looking for a small miracle!’ This couple used a newspaper ad to find an affordable, accessible place to live.",7365438,,,MarketWatch,The couple found the statistical needle in a haystack — but the fix is temporary.,https://www.marketwatch.com/story/looking-for-a-small-miracle-this-couple-used-a-newspaper-ad-to-find-an-affordable-accessible-place-to-live-4a7493b0
top news,1715279280,Liberal lawmakers accuse nursing-home operators of greed,7365437,,,MarketWatch,"Lawmakers are scrutinizing nursing-home companies for executive pay, dividends and stock buybacks.",https://www.marketwatch.com/story/liberal-lawmakers-accuse-nursing-home-operators-of-greed-d3e60e31
top news,1715280420,Trump lawyers try to paint Stormy Daniels as being driven by greed — but it may not even matter,7365446,,,MarketWatch,The question of what motivated the adult-film star to divulge her story of a liaison with Trump may not be a crucial to his hush-money criminal trial.,https://www.marketwatch.com/story/trump-lawyers-try-to-paint-stormy-daniels-as-being-driven-by-greed-but-it-may-not-even-matter-5f770864
top news,1715280464,Tech sits out Thursday's rally as the S&P 500 inches closer to its March record,7365448,https://image.cnbcfm.com/api/v1/image/107397461-17123288132024-04-05t140721z_1692998973_rc2e07amvnla_rtrmadp_0_usa-stocks.jpeg?v=1712328852&w=1920&h=1080,,CNBC,"Every weekday, the Investing Club releases the Homestretch; an actionable afternoon update just in time for the last hour of trading.",https://www.cnbc.com/2024/05/09/tech-sits-out-thursdays-rally-as-sp-500-inches-closer-to-march-record.html
top news,1715280720,What Uniqlo’s ‘millennial Birkin’ bag going viral again says about shoppers right now,7365445,,,MarketWatch,"We’re broke, picky and carrying a lot of baggage.",https://www.marketwatch.com/story/what-uniqlos-millennial-birkin-bag-going-viral-again-says-about-shoppers-right-now-456d71b5
top news,1715281920,Why are millions of people paying for Robinhood Gold?,7365449,,,MarketWatch,A jump in paid subscriptions via Robinhood’s Gold program raises the question: are people willing to pay for ‘free’ trades.,https://www.marketwatch.com/story/why-are-millions-of-people-paying-for-robinhood-gold-c968a239
top news,1715284440,"Arm’s stock dips after earnings, but here’s the case for optimism",7365457,,,MarketWatch,"Analysts are encouraged about future royalty potential, judging by the performance of company’s licensing business",https://www.marketwatch.com/story/arms-stock-dips-after-earnings-but-heres-the-case-for-optimism-1b45b839
business,1715286153,"Promoters of Mike Tyson-Jake Paul Netflix fight offer $2 million VIP package as ticket, bettor interest spike",7365464,https://image.cnbcfm.com/api/v1/image/107412960-1715281406393-gettyimages-2068630408-tyson_paul_02_hj6yxzce.jpeg?v=1715281560&w=1920&h=1080,,CNBC,The boxing fight between Mike Tyson and Jake Paul is already sparking high ticket prices and significant bettor interest.,https://www.cnbc.com/2024/05/09/mike-tyson-jake-paul-netflix-fight-promoters-offer-2-million-vip-package-.html
top news,1715286840,"SoundHound’s losses exceed its revenue, but demand for voice AI is picking up",7365467,,,MarketWatch,The company raised the lower bound of its full-year forecast,https://www.marketwatch.com/story/soundhounds-losses-exceed-its-revenue-but-demand-for-voice-ai-is-picking-up-fe9d1b34
top news,1715287080,Bloom Energy sees ‘momentum’ for its alternative-energy products,7365466,,,MarketWatch,Bloom Energy kept intact its outlook for the year despite a quarterly miss.,https://www.marketwatch.com/story/bloom-energy-sees-momentum-for-its-alternative-energy-products-f320788a
top news,1715287500,Dropbox’s results get a break from investors after big selloff in February,7365486,,,MarketWatch,"After taking a big hit during its last round of earnings, shares of Dropbox Inc. rose on Thursday after the online-storage platform reported first-quarter results that topped Wall Street’s estimates.",https://www.marketwatch.com/story/dropboxs-results-get-a-break-from-investors-after-big-sell-off-in-february-297a8b4f
top news,1715287920,Global stocks are no longer a monolith. Why India and Japan ETFs are drawing investors into single-country funds in 2024.,7365485,,,MarketWatch,"U.S. investors are snapping up ETFs with a single country focus in 2024, dumping multinational funds and bypassing China’s market in favor of other emerging nations with stronger growth prospects.",https://www.marketwatch.com/story/global-stocks-are-no-longer-a-monolith-why-india-and-japan-etfs-are-drawing-investors-into-single-country-funds-in-2024-6926d715
top news,1715288820,Unity names a permanent CEO while reporting better-than-expected results,7365487,,,MarketWatch,Unity executives say the “portfolio and cost reset that we started a few months ago is completed.”,https://www.marketwatch.com/story/unity-names-a-permanent-ceo-while-reporting-better-than-expected-results-23c711d9
top news,1715289600,These tips for investing in mutual funds and ETFs keep your portfolio in step,7365489,,,MarketWatch,"Plus: Encounters with risk management, gold holdings and greedy financial advisers.",https://www.marketwatch.com/story/these-tips-for-investing-in-mutual-funds-and-etfs-keep-your-portfolio-in-step-606f3bc0
top news,1716483180,"Norfolk Southern agrees to settlement of more than $300 million with federal government over East Palestine, Ohio, derailment",7369469,,,MarketWatch,"Norfolk Southern has reached a settlement with the federal government over last year’s derailment of one of the company’s trains in East Palestine, Ohio.",https://www.marketwatch.com/story/norfolk-southern-agrees-to-settlement-of-more-than-300-million-with-federal-government-over-east-palestine-ohio-derailment-e2a5f63e
top news,1716483180,Subprime auto delinquencies fell in April — but it isn’t all good news,7369468,,,MarketWatch,This year’s seasonal improvement appears worse than in previous years.,https://www.marketwatch.com/story/subprime-auto-delinquencies-fell-in-april-but-it-isnt-all-good-news-1bacee09
top news,1716484210,"Sudden container crunch sends ocean freight rates soaring, setting off global trade alarm bells",7369480,https://image.cnbcfm.com/api/v1/image/106828297-1611290268960-gettyimages-813614948-AFP_QJ94Q.jpeg?v=1611290340&w=1920&h=1080,,CNBC,"Ocean freight spot rates are experiencing a sudden, surprise spike as a container crunch in peak shipping season roils global trade and could hit the consumer.",https://www.cnbc.com/2024/05/23/a-sudden-container-crunch-is-sending-ocean-freight-rates-soaring.html
top news,1716484631,36% of Americans say real estate is the best long-term investment—financial pros say they may be wrong,7369481,https://image.cnbcfm.com/api/v1/image/107418699-1716399284145-gettyimages-2149715366-pi-3048554.jpeg?v=1716399500&w=1920&h=1080,,CNBC,"In a new poll, 36% of Americans said real estate was the top option for long-term investment, while 22% chose stocks and mutual funds.",https://www.cnbc.com/2024/05/23/long-term-investments-real-estate-versus-stocks.html
top news,1716484920,Stocks are holding their own at these levels,7369476,,,MarketWatch,The market seems to be trying to gather momentum for another push higher.,https://www.marketwatch.com/story/stocks-are-holding-their-own-at-these-levels-02216a1f
top news,1716485880,"We have $4,000 a month in retirement income — and want to put $200,000 toward an annuity. Is this a wise decision?",7369485,,,MarketWatch,“We hope we are headed in the right direction.”,https://www.marketwatch.com/story/we-have-4-000-a-month-in-retirement-income-and-want-to-put-200-000-toward-an-annuity-is-this-a-wise-decision-046665fe
top news,1716486180,"Yikes! Gold’s $2,400 price tag is even higher than you think.",7369484,,,MarketWatch,"This year, gold has proven a better investment than stocks, bonds or real estate.",https://www.marketwatch.com/story/yikes-golds-2-400-price-tag-is-even-higher-than-you-think-d418a018
top news,1716487500,"Boeing’s cash-flow woes hit company’s bonds, raising fears of a debt downgrade",7369498,,,MarketWatch,"Boeing says it could end 2024 with negative cash flow, stunning investors.",https://www.marketwatch.com/story/boeings-cash-flow-woes-hit-companys-bonds-raising-fears-of-a-debt-downgrade-9cf332ae
top news,1716487920,Why Snowflake’s stock is falling despite a boost to guidance,7369497,,,MarketWatch,Bernstein worries that “expectations may creep too high for next quarter” and says the AI messaging looks murky.,https://www.marketwatch.com/story/why-snowflakes-stock-is-falling-despite-a-boost-to-guidance-4f3a72ca
top news,1716488341,DuPont's split into three companies is a win for shareholders: Here's the math,7369506,https://image.cnbcfm.com/api/v1/image/105563405-1541714356942img_1841.jpg?v=1541714426&w=1920&h=1080,,CNBC,"By separating these businesses into individual companies, the market should apply multiples closer to their peers and well above DuPont's current valuation.",https://www.cnbc.com/2024/05/23/duponts-split-into-3-is-a-win-for-shareholders-heres-the-math.html
top news,1716488820,"When it comes to Ticketmaster, Pearl Jam was decades ahead of the Justice Department",7369504,,,MarketWatch,"The rock band went to war with the ticketing giant in the 1990s and lost — but its argument has been vindicated, in part, by the DOJ’s antitrust action.",https://www.marketwatch.com/story/when-it-came-to-ticketmaster-pearl-jam-was-decades-ahead-of-the-justice-department-5cdd4a52
top news,1716488820,Lululemon’s stock keeps falling. But one analyst says the market is wrong.,7369503,,,MarketWatch,"Lululemon investors are suffering through the longest losing streak for the yoga gear maker’s stock in a year, but BofA Securities tried to reassure them by saying the shares of the “best-in-class retailer” are being mispriced.",https://www.marketwatch.com/story/lululemons-stock-keeps-falling-but-one-analyst-says-the-market-is-wrong-7d0309aa
top news,1716490280,Nearly half of Americans say having a college degree is less important now than it was 20 years ago,7369518,https://image.cnbcfm.com/api/v1/image/107419314-1716479833982-gettyimages-1481914406-1066392449.jpeg?v=1716479869&w=1920&h=1080,,CNBC,The escalating cost of college and ballooning student debt have influenced the shift in attitudes about higher education.,https://www.cnbc.com/2024/05/23/nearly-half-of-americans-say-college-degree-is-less-important-now-than-it-was-20-years-ago.html
top news,1716490320,"‘Green’ tech and EVs will lead to ‘huge’ shift in metals demand, analyst says",7369516,,,MarketWatch,"The world’s transition toward so-called “green” technologies, such as electric vehicles and battery storage, is set to significantly boost demand for metals such as copper, aluminum, cobalt, and lithium over the next two decades.",https://www.marketwatch.com/story/green-tech-and-evs-will-lead-to-huge-shift-in-metals-demand-analyst-says-4369d53d
top news,1716491220,"Trump may be ‘positioned to win’ because swing-state voters dislike ‘Bidenomics,’ Cook Political Report says",7369521,,,MarketWatch,"The 2024 White House race is close but presumptive Republican nominee Donald Trump appears to have the edge at the moment thanks in large part to swing-state voters who are frustrated with President Joe Biden’s handling of the U.S. economy, said analysts at the nonpartisan Cook Political Report on Thursday as they rolled out a new poll.",https://www.marketwatch.com/story/trump-may-be-positioned-to-win-because-swing-state-voters-dislike-bidenomics-cook-political-report-says-3081bdca
top news,1716491400,Morgan Stanley’s James Gorman stepping down as executive chair by year-end,7369520,,,MarketWatch,Gorman was chief executive of the bank for 14 years before retiring on Jan. 1.,https://www.marketwatch.com/story/morgan-stanleys-james-gorman-stepping-down-as-executive-chair-by-year-end-001f88c8
top news,1716493211,Norfolk Southern agrees to $310 million federal settlement over Ohio train derailment,7369528,https://image.cnbcfm.com/api/v1/image/107419310-1716479690589-gettyimages-1247223723-AA_17022023_1071162.jpeg?v=1716479780&w=1920&h=1080,,CNBC,The company will pay a $15 million fine for alleged violations of the Clean Water Act as part of the federal settlement.,https://www.cnbc.com/2024/05/23/norfolk-southern-agrees-to-310-million-settlement-over-train-derailment-east-palestine-ohio.html
top news,1716493260,The stock market’s entire return rests on a surprisingly small number of days,7369527,,,MarketWatch,Day traders have an almost impossible task ahead of them,https://www.marketwatch.com/story/the-stock-markets-entire-return-rests-on-a-surprisingly-small-number-of-days-ceca0043
top news,1716493380,"The average concert ticket hit $120 last year, but the Live Nation antitrust case may not make them cheaper",7369533,,,MarketWatch,"The U.S. Department of Justice is suing to break up Live Nation Entertainment, the parent company of Ticketmaster, for allegedly cranking up fans’ costs by controlling the concert industry.",https://www.marketwatch.com/story/the-average-concert-ticket-hit-120-last-year-but-the-live-nation-antitrust-case-may-not-make-them-cheaper-92e06316
top news,1716493461,Nvidia stock keeps hitting records. Can investors with little to no shares still buy?,7369536,https://image.cnbcfm.com/api/v1/image/107389327-1710851829405-gettyimages-2087339332-AFP_34LQ6A9.jpeg?v=1716487206&w=1920&h=1080,,CNBC,The answer to that question is not an easy yes or no because of several variables.,https://www.cnbc.com/2024/05/23/nvidia-keeps-hitting-records-can-investors-still-buy-the-stock.html
top news,1716493680,Dow transportation stocks are ‘area of potential concern’ for stock-market bulls,7369532,,,MarketWatch,"In a U.S. stock market that has risen to fresh records this week, the Dow Jones Transportation Index stands out for idling since 2021, according to Yardeni Research.",https://www.marketwatch.com/story/dow-transportation-stocks-are-area-of-potential-concern-for-stock-market-bulls-de677d29
top news,1716494880,"Intuit raises full-year forecast, and says AI is helping",7369537,,,MarketWatch,"Intuit Inc., the tech company behind TurboTax filing software and the personal-finance site Credit Karma, raised its full-fiscal-year profit and sales outlook on Thursday, following third-quarter results that topped Wall Street’s expectations.",https://www.marketwatch.com/story/intuit-raises-full-year-forecast-and-says-ai-is-helping-31459feb
top news,1716495300,Workday’s stock falls as ‘elevated sales scrutiny’ drives outlook cut,7369548,,,MarketWatch,Workday moved its full-year margin target higher but cut expectations for subscription revenue.,https://www.marketwatch.com/story/workdays-stock-falls-as-elevated-sales-scrutiny-drives-outlook-cut-389238ca
top news,1716496440,"Ross Stores raises profit forecast, even as higher prices hit lower-income shoppers",7369550,,,MarketWatch,"Shares of Ross Stores Inc. rallied in extended trading Thursday after the discount clothing chain raised its full-year profit forecast, even as higher prices continue to hit its low- to middle-income shoppers.",https://www.marketwatch.com/story/ross-stores-raises-profit-forecast-even-as-higher-prices-hit-lower-income-shoppers-d334f74e
top news,1716496980,Nvidia’s stock surge at odds with the S&P 500 — to a degree not seen in 8 years,7369549,,,MarketWatch,"Nvidia has been a big driver of the market over the past year. But its might wasn’t enough on Thursday, as the chip stock saw big gains while major indexes racked up notable declines.",https://www.marketwatch.com/story/nvidias-stock-surge-at-odds-with-the-s-p-500-to-a-degree-not-seen-in-8-years-c49022f8
top news,1716497760,Deckers’ stock rises as sales of Hoka sneakers keep climbing,7369554,,,MarketWatch,"Deckers Outdoor Corp., maker of hit Hoka sneakers and in-again Ugg boots, zoomed past Wall Street’s expectations for its fiscal fourth quarter, thanks to big sales gains for the two shoe brands, and the stock rallied more than 7% after hours.",https://www.marketwatch.com/story/deckers-stock-rises-as-sales-of-hoka-sneakers-keep-climbing-36883886
top news,1716498120,"HPV vaccine can have big benefits for men, research shows",7369555,,,MarketWatch,"A vaccine that’s widely known to help protect women from cervical cancer can also offer big health benefits for men, new research shows.",https://www.marketwatch.com/story/hpv-vaccine-can-have-big-benefits-for-men-research-shows-94014795
business,1716498578,Frontier Airlines CEO urges crackdown of 'rampant abuse' of airport wheelchair service,7369556,https://image.cnbcfm.com/api/v1/image/107368574-1706906828054-gettyimages-1237259507-widak-cancunin211208_npAoh.jpeg?v=1706906983&w=1920&h=1080,,CNBC,"Frontier Airlines CEO said he had seen flights where 20 people were brought to the plane with wheelchairs, but only three wheelchairs were used upon arrival.",https://www.cnbc.com/2024/05/23/frontier-airlines-ceo-passengers-abuse-airport-wheelchair-service.html
top news,1716499440,Crypto’s Washington win streak continues as ether ETF debut nears. Here’s what it means for markets.,7369562,,,MarketWatch,U.S. regulators took a major step forward Thursday toward green-lighting a spot ether exchange-traded product that could potentially lead to mainstream adoption of the world’s second-most-popular cryptocurrency.,https://www.marketwatch.com/story/cryptos-washington-win-streak-continues-as-ether-etf-debut-nears-heres-what-it-means-for-markets-65ad17b0
top news,1716499620,Dow falls out of bed. Why stocks were vulnerable to a pullback after new highs.,7369561,,,MarketWatch,Stock-market investors couldn’t shake off worries about the Fed’s next rate move despite blowout earnings from Nvidia Corp.,https://www.marketwatch.com/story/dow-falls-out-of-bed-why-stocks-were-vulnerable-to-a-pullback-after-new-highs-3b95384c
top news,1716501240,Copper is the metal of the moment. What ETF investors need to know before chasing the commodity rally.,7369570,,,MarketWatch,"In this edition, we look at some of the copper-related ETFs that hit all-time highs earlier this week, driven by the base metal’s surge to record territory.",https://www.marketwatch.com/story/copper-is-the-metal-of-the-moment-what-etf-investors-need-to-know-before-chasing-the-commodity-rally-90c288c9
top news,1716503631,Jim Cramer warns against trading Nvidia after blowout quarter,7369579,https://image.cnbcfm.com/api/v1/image/104572862-IMG_3282-jim-cramer.jpg?v=1693437305&w=1920&h=1080,,CNBC,"CNBC's Jim Cramer on Thursday reminded investors he thinks it's unwise to trade Nvidia, saying they should keep the AI darling.",https://www.cnbc.com/2024/05/23/jim-cramer-warns-against-trading-nvidia-after-blowout-quarter.html
top news,1716504581,"Gildan's board abruptly resigns ahead of annual meeting, handing control to activist",7369578,https://image.cnbcfm.com/api/v1/image/107389718-1710882818099-gettyimages-1850588853-GILDAN_BOARD.jpeg?v=1710882873&w=1920&h=1080,,CNBC,Glenn Chamandy is returning to the apparel supplier he founded after a mass board resignation cleared the way for activist Browning West to take control.,https://www.cnbc.com/2024/05/23/gildan-browning-west-chamandy-resigns.html
top news,1716505080,Verastem shares surge more than 50% after pancreatic-cancer treatment study data,7369582,,,MarketWatch,Shares of Verastem rose late Thursday after interim data from the company’s trial evaluating a combination therapies to treat pancreatic cancer showed a high overall response rate.,https://www.marketwatch.com/story/verastem-shares-surge-51-after-pancreatic-cancer-treatment-study-data-67c05443
top news,1716505560,J.P. Morgan Securities to pay $200 million to settle CFTC charges of supervision failures,7369581,,,MarketWatch,The Commodity Futures Trading Commission on Thursday said it simultaneously filed and settled charges against J.P. Morgan Securities LLC.,https://www.marketwatch.com/story/cftc-j-p-morgan-securities-settle-charges-of-supervision-failures-634d28f1
top news,1716505680,U.K. consumer confidence improves as inflation cools further,7369580,,,MarketWatch,"Confidence among U.K. consumers rose a little in May, with easing inflation and the expectation of falling Bank of England interest rates set to boost Britons’ spending power.",https://www.marketwatch.com/story/u-k-consumer-confidence-improves-as-inflation-cools-further-7321dde5
top news,1716508437,Charles Schwab CEO says inflation is the 'No.1 concern' among investors,7369670,https://image.cnbcfm.com/api/v1/image/102483712-166415240.jpg?v=1716499661&w=1920&h=1080,,CNBC,"In a Thursday interview with CNBC's Jim Cramer, Charles Schwab CEO Walt Bettinger said inflation is clients' most pressing concern.",https://www.cnbc.com/2024/05/23/charles-schwab-ceo-says-inflation-is-number-one-concern-for-investors.html
top news,1716534148,Canva goes after Adobe users with work tools to speed up growth,7369890,https://data.bloomberglp.com/company/sites/2/2019/01/logobbg-wht.png,,Bloomberg,"Canva introduces new enterprise design tools to compete with Adobe, aiming to attract high-value customers and boost revenue.",https://www.bloomberg.com/news/articles/2024-05-23/canva-goes-after-adobe-users-with-work-tools-to-speed-up-growth
top news,1716536143,"Fliers are freaking out over safety after Boeing, Singapore air mishaps",7369891,https://data.bloomberglp.com/company/sites/2/2019/01/logobbg-wht.png,,Bloomberg,"High-profile airline accidents spark public concern, but statistics show flying remains safer than driving.",https://www.bloomberg.com/news/articles/2024-05-23/boeing-singapore-mishaps-spur-surge-in-web-searches-on-flight-safety
top news,1716544801,Wells Fargo goes on quiet hiring spree to expand from lending. What it means for the stock,7369668,https://image.cnbcfm.com/api/v1/image/107398743-17126785462020-03-18t000000z_260167136_hp1eg3i02rnh3_rtrmadp_0_health-coronavirus-banks.jpeg?v=1712678637&w=1920&h=1080,,CNBC,Wells Fargo is branching out from its roots.,https://www.cnbc.com/2024/05/24/wells-fargo-hiring-spree-to-boost-investment-banking-improves-our-stock-outlook.html
top news,1716551700,LyondellBasell’s dividend hike boosts yield to nearly 4 times the S&P 500’s,7369663,,,MarketWatch,"LyondellBasell raised its dividend Friday, extending the chemicals and plastics-resins company’s position as having the highest yielding stock among its materials-sector peers.",https://www.marketwatch.com/story/lyondellbasells-dividend-hike-boosts-yield-to-nearly-4-times-the-s-p-500s-3abff3b4
top news,1716551820,"AI could be masking a weak consumer sector, warns this stock market strategist",7369662,,,MarketWatch,"If consumer weakness persists into this summer, tech strength may not be compensate, says BTIG’s chief market technician Jonathan Krinsky.",https://www.marketwatch.com/story/ai-could-be-masking-a-weak-consumer-sector-warns-this-stock-market-strategist-e20a8ca8
top news,1716552001,FLiRT variants may lead to a Covid surge this summer: 7 ways to boost your immune system,7369759,https://image.cnbcfm.com/api/v1/image/107419512-1716496376579-gettyimages-1490913705-mrt_0470.jpeg?v=1716496423&w=1920&h=1080,,CNBC,The FLiRT variants may lead to a spike in Covid cases this summer. Here are a few ways that a doctor recommends strengthening your immune system.,https://www.cnbc.com/2024/05/24/covid-flirt-variants-7-ways-to-boost-your-immune-system.html
top news,1716552120,"Copper prices to quadruple on surging green demand, legendary oil trader Pierre Andurand says",7369661,,,MarketWatch,"Hedge fund manager Pierre Andurand said copper prices could surge to heights of $40,000 a ton as soaring demand outstrips supply",https://www.marketwatch.com/story/copper-prices-to-quadruple-on-surging-green-demand-legendary-oil-trader-pierre-andurand-says-86022569
top news,1716553020,Deckers Outdoor praised as ‘one of the strongest names’ by Wedbush,7369660,,,MarketWatch,Analyst Tom Nikic hikes Deckers Outdoor’s price target after retailer posts strong results and hikes profit view.,https://www.marketwatch.com/story/deckers-outdoor-praised-as-one-of-the-strongest-names-by-wedbush-6dc08628
top news,1716554040,U.S. durable goods rise for third straight month in April,7369659,,,MarketWatch,"Orders for durable goods rose 0.7% in April, for the third straight monthly gain, the Commerce Department said Friday.",https://www.marketwatch.com/story/u-s-durable-goods-rise-for-third-straight-month-in-april-12f44bfb
top news,1716554520,Elon Musk denies report SpaceX may sell some of its shares amid $200 billion valuation,7369658,,,MarketWatch,"The aerospace company has “no need for additional capacity” and will buy back shares, said SpaceX CEO and founder Elon Musk.",https://www.marketwatch.com/story/elon-musk-denies-report-spacex-may-make-tender-offer-with-200-billion-valuation-eadb4e0f
top news,1716555540,Cathie Wood sees a Great Depression-like search for safety in the stock market,7369729,,,MarketWatch,ARK Invest CEO Cathie Wood says there are Great Depression parallels in markets right now.,https://www.marketwatch.com/story/cathie-wood-sees-a-great-depression-like-search-for-safety-in-the-stock-market-0119ed4e
top news,1716555601,The number of Americans who say they're 'doing OK financially' drops to 4-year low—here's why,7369730,https://image.cnbcfm.com/api/v1/image/107419443-1716489230804-GettyImages-1861008694.jpg?v=1716489298&w=1920&h=1080,,CNBC,"Americans are increasingly going into debt to cover the rising costs of inflation, which they say is the biggest challenge in making ends meet.",https://www.cnbc.com/2024/05/24/why-americans-feel-worse-off-financially.html
top news,1716557016,Jim Cramer's top 10 things to watch in the stock market Friday,7369763,https://image.cnbcfm.com/api/v1/image/107200468-1677528554271-NUP_200782_00153.jpg?v=1692298921&w=1920&h=1080,,CNBC,Wall Street was headed for a higher open Friday following a late-day selloff in the prior session.,https://www.cnbc.com/2024/05/24/jim-cramers-top-10-things-to-watch-in-the-stock-market-friday.html
top news,1716557160,Treasury yields turn higher after U.S. durable-goods orders rise again,7369735,,,MarketWatch,"Rates on U.S. government debt were trading slightly higher in a shortened trading session on Friday, after durable-goods orders jumped for a third straight month.",https://www.marketwatch.com/story/treasury-yields-hold-steady-ahead-of-u-s-durable-goods-orders-63da8664
top news,1716557220,"Ozempic cuts kidney-disease risks, research finds",7369734,,,MarketWatch,"Novo Nordisk’s diabetes drug Ozempic reduces the risk of kidney failure and death in patients who have both Type 2 diabetes and chronic kidney disease, according to new research published Friday.",https://www.marketwatch.com/story/ozempic-cuts-kidney-disease-risks-research-finds-458eb9a8
top news,1716557340,AMC and GameStop shares rally after registering biggest declines in a week,7369733,,,MarketWatch,Shares of AMC Entertainment Holdings Inc. and GameStop Corp. were rallying in premarket trading Friday after registering their biggest declines in a week during Thursday’s session. Both stocks saw massive volatility last week amid a meme-stock rally fueled by the return of trader Roaring Kitty to social media.,https://www.marketwatch.com/story/amc-and-gamestop-shares-rally-after-registering-biggest-declines-in-a-week-145733ee
top news,1716557820,Workday earnings add to view that chip stocks trump software stocks now,7369743,,,MarketWatch,Workday’s stock is falling as analysts wonder whether the recent guidance cut is the final one.,https://www.marketwatch.com/story/workday-earnings-add-to-view-that-chip-stocks-trump-software-stocks-now-7b89580e
top news,1716558180,"‘Are they cheap?’ I’m taking a trip with two friends for Memorial Day. I’m spending $90 on gas, and neither offered to chip in. What should I do?",7369742,,,MarketWatch,"“I’m not sure if I’d describe them as ‘ride or die,’ but we are good buddies.”",https://www.marketwatch.com/story/are-they-cheap-im-taking-a-trip-with-two-friends-for-memorial-day-im-spending-90-on-gas-and-neither-offered-to-chip-in-what-should-i-do-b8038cd9
top news,1716558780,Wall Street ponders what happens to booming private credit market when you-know-what hits the fan,7369758,https://image.cnbcfm.com/api/v1/image/107308238-1695910751416-IMG_6302.jpg?v=1695911050&w=1920&h=1080,,CNBC,The CEO of one of the largest private-credit firms defended the industry and how it will act in times of stress.,https://www.cnbc.com/2024/05/24/wall-street-ponders-what-happens-to-booming-private-credit-market-when-you-know-what-hits-the-fan.html
top news,1716558780,"Watch out for this ‘contrarian’ sell signal for stocks, says Bank of America",7369755,,,MarketWatch,"Global breadth is rising — and that could be a warning for stock market investors, says Bank of America.",https://www.marketwatch.com/story/watch-out-for-this-contrarian-sell-signal-for-stocks-says-bank-of-america-dc87e812
top news,1716559500,SunPower terminates its chief operating officer a year after she was hired,7369761,,,MarketWatch,SunPower disclosed Friday that Chief Operating Officer Jennifer Johnston has been terminated by the solar-panel maker’s board of directors.,https://www.marketwatch.com/story/sunpower-terminates-its-chief-operating-officer-a-year-after-she-was-hired-3f82ab5f
top news,1716559800,U.S. consumer sentiment darkens in May on worries of higher inflation,7369760,,,MarketWatch,Final May reading of 69.1 was a slight improvement from preliminary estimate of 67.4,https://www.marketwatch.com/story/u-s-consumer-sentiment-darkens-in-may-on-worries-of-higher-inflation-91ce4a21
top news,1716559879,Your student loan payment could get cut in half this summer—here's what to know,7369762,https://image.cnbcfm.com/api/v1/image/107371767-1707507972706-gettyimages-1444443859-be3i1818.jpeg?v=1716497207&w=1920&h=1080,,CNBC,The Saving on a Valuable Education student loan repayment plan rolled out last year. But it's getting even more affordable for borrowers beginning this July.,https://www.cnbc.com/2024/05/24/save-plan-student-loan-payments-could-get-cut-in-half-in-july.html
top news,1716560400,Oil prices edge higher after 4-day losing streak,7369765,,,MarketWatch,"Oil futures inch higher Friday, but are on track to notch losses for the week.",https://www.marketwatch.com/story/oil-prices-on-track-for-5-day-losing-streak-b0dd579c
top news,1716560867,"Free speech, political protests and work: What employees need to know to not get fired",7369770,https://image.cnbcfm.com/api/v1/image/107402707-1713378326581-Unknown-1.jpg?v=1713379919&w=1920&h=1080,,CNBC,The First Amendment does not workers who protest if their boss decides to fire them. Knowing speech law in an era of protest is important job training.,https://www.cnbc.com/2024/05/24/free-speech-at-work-how-to-not-lose-a-job-when-you-get-political.html
top news,1716561180,"Eli Lilly to spend $5.3 billion to boost Zepbound, Mounjaro manufacturing",7369773,,,MarketWatch,Eli Lilly said Friday that it has more than doubled its investment in a new manufacturing site to boost manufacturing capacity for its popular weight-loss drug Zepbound and diabetes treatment Mounjaro.,https://www.marketwatch.com/story/eli-lilly-to-spend-5-3-billion-to-boost-zepbound-mounjaro-manufacturing-72c7df57
top news,1716561240,"Yes, the American dream is dead, this financial influencer says — but here’s how to get rich anyway",7369772,,,MarketWatch,"“We cannot use the same playbook our parents gave us,” says Your Rich BFF creator Vivian Tu. Here’s what she says is keeping the white-picket-fence fantasy out of reach.",https://www.marketwatch.com/story/yes-the-american-dream-is-dead-this-money-influencer-says-but-heres-how-to-get-rich-anyway-ddad23ea
top news,1716561420,HSBC’s new offices are coaxing hybrid workers into the office more frequently,7369771,,,MarketWatch,"The bank is keeping its hybrid policy in place, but more employees are choosing to commute to its new office building.",https://www.marketwatch.com/story/hsbcs-new-offices-are-coaxing-hybrid-workers-into-the-office-more-frequently-ea10585c
top news,1716562801,33-year-old wrestler turned down 'massive' job opportunity to pursue Olympic gold with Team USA,7369796,https://image.cnbcfm.com/api/v1/image/107418828-1716407383189-gettyimages-1235674870-AFP_9P27Q2.jpeg?v=1716407518&w=1920&h=1080,,CNBC,"If he wins on Aug. 10, Kyle Dake will be the oldest American wrestler to ever take home a gold medal.",https://www.cnbc.com/2024/05/24/us-olympian-turned-down-massive-job-to-pursue-gold-medal-dream.html
top news,1716562915,The big boss is wearing friendship bracelets. How the 'universal language' of Taylor Swift and Beyoncé is helping life at work,7369792,https://image.cnbcfm.com/api/v1/image/107417316-1716223109899-Eras_Tour.jpg?v=1716489978&w=1920&h=1080,,CNBC,"In a time of worker dissatisfaction and generational clashing, the singers usher in social harmony.",https://www.cnbc.com/2024/05/24/taylor-swift-and-beyonces-universal-language-is-improving-life-at-work.html
top news,1716563280,Don’t worry about a ‘magic’ retirement number — but make sure you have this one thing.,7369790,,,MarketWatch,"‘Most people have an idea of what’s important, but don’t know how to get there’",https://www.marketwatch.com/story/dont-worry-about-a-magic-retirement-number-but-make-sure-you-have-this-one-thing-25ad47b9
business,1716565812,Here's how U.S. health officials are responding to bird flu in humans after second case,7369802,https://image.cnbcfm.com/api/v1/image/107257364-1686830112394-gettyimages-1498551049-dsc_6432_2yvfwllp.jpeg?v=1716527249&w=1920&h=1080,,CNBC,"A strain of bird flu called H5N1 has been confirmed in dairy cows in nine U.S. states, along with two people.",https://www.cnbc.com/2024/05/24/bird-flu-what-to-know-about-human-cases-vaccines.html
top news,1716566866,Bill Gates: 'I could have learned' this lesson from Warren Buffett a lot sooner,7369807,https://image.cnbcfm.com/api/v1/image/107379634-17091306622024-02-28t142209z_115424957_rc2ob6aons17_rtrmadp_0_india-business.jpeg?v=1716566816&w=1920&h=1080,,CNBC,"Bill Gates wishes he'd learned one particular lesson from longtime friend Warren Buffett sooner: It could have saved him time and, possibly, some stress.",https://www.cnbc.com/2024/05/24/bill-gates-i-could-have-learned-this-lesson-from-warren-buffett.html
top news,1716567270,Nvidia has the best reputation of any U.S. company—Costco and Trader Joe's just missed the top 10,7369816,https://image.cnbcfm.com/api/v1/image/107340685-1701274414880-gettyimages-1820547400-_s1_9485_u4ng7eq7.jpeg?v=1716545990&w=1920&h=1080,,CNBC,"Computer chip maker Nvidia has the best reputation of any company in America, according to a new Axios Harris poll. Here's why, and the rest of the top 10.",https://www.cnbc.com/2024/05/24/nvidia-has-best-reputation-of-us-companies-2024-axios-harris-poll.html
top news,1716567840,This is why the bull market for stocks could continue for years,7369814,,,MarketWatch,"Also: Boeing’s compelling bonds, new help with down payments and advice for a retiree who is drowning in debt.",https://www.marketwatch.com/story/this-is-why-the-bull-market-for-stocks-could-continue-for-years-9bf0045f
top news,1716568080,These are the most popular flights in the U.S. this summer — and how much they’ll cost you,7369813,,,MarketWatch,"Airfares for domestic flights are trending lower this summer when compared with last, Kayak says, based on flight-price data.",https://www.marketwatch.com/story/these-are-the-most-popular-flights-in-the-u-s-this-summer-and-how-much-theyll-cost-you-d0341089
top news,1716568761,Nearly 70% of Gen Zers are freelancing or plan to—'I never considered applying to a job',7369819,https://image.cnbcfm.com/api/v1/image/107375924-1708469808103-SophieRiegel.jpg?v=1708469913&w=1920&h=1080,,CNBC,"Many Gen Zers are embracing a life outside of 9-to-5 corporate America, some for the various kinds of control that lifestyle can bring.",https://www.cnbc.com/2024/05/24/nearly-70percent-of-gen-z-is-actively-freelancing-or-plan-to-in-the-future-.html
top news,1716568860,Japanese dog who inspired cryptocurrency DogeCoin dies at age 18,7369817,,,MarketWatch,"Kabosu, a Japanese Shibu Inu who became the face of the popular “Doge” internet meme, died on Friday.",https://www.marketwatch.com/story/japanese-dog-who-inspired-cryptocurrency-dogecoin-dies-aged-18-e95f9a61
business,1716570324,"Boeing, NASA say Starliner astronaut launch will move forward despite spacecraft helium leak",7369824,https://image.cnbcfm.com/api/v1/image/107410942-1715008319783-gettyimages-2150967661-NASAs_Boeing_Crew_Flight_Test_Preflight.jpeg?v=1716561899&w=1920&h=1080,,CNBC,"Boeing and NASA are moving forward with a June 1 launch attempt of the first crewed Starliner mission despite a ""stable"" leak in its propulsion system.",https://www.cnbc.com/2024/05/24/boeing-nasa-starliner-astronaut-launch-moving-forward.html
top news,1716575100,Memorial Day car sales will be ‘raging’ — and these brands will have the best deals,7369842,,,MarketWatch,"People who have been waiting to buy a new car may spot some good discounts over Memorial Day weekend on 2023 model-year vehicles, especially on some domestic cars, as affordability issues have led inventory to pile up.",https://www.marketwatch.com/story/memorial-day-car-sales-will-be-raging-and-these-brands-will-have-the-best-deals-1ff5f7b7
top news,1716578220,Jamie Dimon doesn’t rule out recession down the road as inflation saps consumer confidence,7369848,,,MarketWatch,JPMorgan chief executive remains cautious about a possible unexpected dip in the U.S. economy.,https://www.marketwatch.com/story/jamie-dimon-doesnt-rule-out-recession-down-the-road-as-inflation-saps-consumer-confidence-faae8052
top news,1716578640,"Housing has raised the cost of living — but higher rates aren’t the culprit, say analysts",7369847,,,MarketWatch,"Go head and blame higher interest rates for the “lock-in effect” gripping the U.S. housing market — but don’t call higher rates inflationary, say Ned Davis Research analysts.",https://www.marketwatch.com/story/housing-has-raised-the-cost-of-living-but-higher-rates-arent-the-culprit-say-analysts-3571bb64
top news,1716579180,Finnish entrepreneur Thomas Zilliacus wants to buy Inter Milan from the club’s new owner Oaktree,7369850,,,MarketWatch,Thomas Zilliacus shifted his attention to Inter Milan after his unsuccessful bid for Manchester United last year.,https://www.marketwatch.com/story/finnish-entrepreneur-thomas-zilliacus-wants-to-buy-inter-milan-from-the-clubs-new-owner-oaktree-ca4baaca
top news,1716580560,How Morgan Spurlock and ‘Super Size Me’ changed our view of fast food,7369855,,,MarketWatch,The 2004 film brought home the idea that we are what we eat,https://www.marketwatch.com/story/how-morgan-spurlock-and-super-size-me-changed-our-view-of-fast-food-a0eac557
top news,1716587100,U.S. stocks rise ahead of Memorial Day weekend as Nasdaq scores fresh peak,7369877,,,MarketWatch,"Major U.S. stock indexes rose Friday, with the technology-heavy Nasdaq Composite scoring a fresh record peak ahead of the three-day weekend honoring Memorial Day.",https://www.marketwatch.com/story/u-s-stocks-rise-ahead-of-memorial-day-weekend-as-nasdaq-scores-fresh-peak-266d0b9a
top news,1716588840,Better Choice shares fall after company receives NYSE warning letter,7369883,,,MarketWatch,Shares of Better Choice fell late Friday after the company said it had received a warning letter from the New York Stock Exchange for violating disclosure rules.,https://www.marketwatch.com/story/better-choice-shares-fall-9-3-after-company-receives-nyse-warning-letter-966f8873
top news,1716592320,GameStop shares climb on completion of $933 million stock sale after meme frenzy,7369884,,,MarketWatch,The videogame retailer has been a major beneficiary of yet another “Roaring Kitty”-fueled meme-stock rally.,https://www.marketwatch.com/story/gamestop-shares-climb-on-completion-of-933-million-stock-sale-after-meme-frenzy-bee46c81
top news,1716631380,"‘I feel like an idiot. I need every cent to retire’: I gave a friend $20,000 to buy me a car. He ghosted me. I called the police. What options do I have?",7369894,,,MarketWatch,"“We met several times in person, and he explained that once I gave him the money that I could trust him.”",https://www.marketwatch.com/story/i-feel-like-an-idiot-i-need-every-cent-to-retire-i-gave-a-friend-20-000-to-buy-me-a-car-he-ghosted-me-i-called-the-police-what-options-do-i-have-b40d04e7
top news,1716634800,Memorial Day kicks off a cruel summer for inflation-weary Americans — with one bright spot,7369896,,,MarketWatch,This Memorial Day weekend marks the informal start of the third summer where inflation will be buzzing around like a fly at a barbecue.,https://www.marketwatch.com/story/memorial-day-kicks-off-a-cruel-summer-for-inflation-weary-americans-with-one-bright-spot-b6ee5e05
top news,1716638400,Stock trades must now settle in just one day. Here’s why Wall Street should move even faster.,7369900,,,MarketWatch,A new one-day settlement rule for stocks and many other securities takes effect on Tuesday. Advocates say same-day settlement would be even better for investors.,https://www.marketwatch.com/story/stock-trades-must-now-settle-in-just-one-day-heres-why-wall-street-should-move-even-faster-46f4eea2
top news,1716638400,How to ‘quiet vacation’ without getting in trouble at work,7369899,,,MarketWatch,“Quiet vacationing” is popular among millennials. Here’s what it is — and how to do it without getting caught.,https://www.marketwatch.com/story/how-to-quiet-vacation-without-getting-in-trouble-at-work-a10e9f33
top news,1716638400,The Dow’s shaky week: Will Fed rate jitters spark bout of summertime blues?,7369898,,,MarketWatch,Nervous types may worry over whether a renewed focus on when or whether rate cuts will arrive along with lofty valuations could set the stage for some summertime blues.,https://www.marketwatch.com/story/the-dows-shaky-week-will-fed-rate-jitters-spark-bout-of-summertime-blues-cb7e126d
top news,1716638760,New Alzheimer’s drugs could be developed from this appetite-suppressing hormone,7369897,,,MarketWatch,Promising new research suggests amino acids found naturally in the human body could be turned into a drug to fight dementia,https://www.marketwatch.com/story/new-alzheimers-drugs-could-be-developed-from-this-appetite-suppressing-hormone-6b1b2e7e
top news,1716643679,Here's what it's like inside the operating room when someone gets a brain implant,7369909,https://image.cnbcfm.com/api/v1/image/107418067-1716319126867-1J5A1192.jpg?v=1716319685&w=1920&h=1080,,CNBC,Precision Neuroscience is testing its brain implant at the Mount Sinai Health System in New York City. CNBC observed one procedure from the operating room.,https://www.cnbc.com/2024/05/25/neuralink-competitor-precision-neuroscience-is-testing-its-brain-implant-in-humans.html
top news,1716645601,"What we expect from Costco earnings and 3 others, and the Fed's favorite inflation gauge",7369910,https://image.cnbcfm.com/api/v1/image/107377371-1708685349052-gettyimages-1207534703-AFP_1PZ3R8.jpeg?v=1716570039&w=1920&h=1080,,CNBC,There was a good deal of divergence this week.,https://www.cnbc.com/2024/05/25/costco-earnings-and-3-others-and-the-fed-favorite-inflation-gauge.html
top news,1716647460,Blackstone CEO Schwarzman re-embraces Trump for 2024 elections,7369911,,,MarketWatch,"Blackstone chairman and CEO, Stephen Schwarzman, will support Donald Trump in the November U.S. presidential elections as a “vote for change”, giving Trump access to a network of Republican party donors, after earlier expressing the need for new Republican party leadership,  Axios has reported.",https://www.marketwatch.com/story/blackstone-ceo-schwarzman-re-embraces-trump-for-2024-elections-a61b07a4
top news,1716654360,"I’m 54 and have $2.6 million saved. My husband, 68, wants me to retire early, but he has very little retirement savings. What should I do?",7369914,,,MarketWatch,“I own $1.6 million in real estate.”,https://www.marketwatch.com/story/im-54-and-have-2-6-million-saved-my-husband-68-wants-me-to-retire-early-but-he-has-very-little-retirement-savings-what-should-i-do-a9d04476
top news,1716728056,Here's what adding Nvidia would mean for the 128-year-old Dow Industrial Average,7369933,https://image.cnbcfm.com/api/v1/image/107389323-1710851643283-gettyimages-2087343098-Illustration_Blackwell_GPU.jpeg?v=1716578661&w=1920&h=1080,,CNBC,"The Dow, made up of 30 stocks, is a price-weighted average, meaning that higher-priced stocks cause the index to move more than a lower-priced one.",https://www.cnbc.com/2024/05/26/heres-what-adding-nvidia-would-mean-for-the-128-year-old-dow-industrials.html
top news,1716732060,Some buzzy AI names highlight this week’s earnings slate — along with Costco,7369940,,,MarketWatch,"Dell and Marvell will offer glimpses into AI spending, while Costco and Gap are among big retail names due to report.",https://www.marketwatch.com/story/some-buzzy-ai-names-highlight-this-weeks-earnings-slate-along-with-costco-421dfed5
top news,1716735601,3 things Gen Z can do today to decrease anxiety and be more productive,7369943,https://image.cnbcfm.com/api/v1/image/107413591-1715376278334-Book_cover_The_Anxious_Generation.jpg?v=1715376410&w=1920&h=1080,,CNBC,Rethinking your relationship with your smartphone can help you stay focused and curb mental illness.,https://www.cnbc.com/2024/05/26/3-things-gen-z-can-do-today-to-decrease-anxiety-and-be-more-productive.html
top news,1716739260,Stocks are making Americans feel richer — and the Fed’s inflation fight harder,7369944,,,MarketWatch,"With an estimated 62% of U.S. adults owning stocks, it becomes increasingly difficult to see how consumer demand can taper off by enough to bring down inflation.",https://www.marketwatch.com/story/stocks-are-making-americans-feel-richer-and-the-feds-inflation-fight-harder-92a47796
top news,1716746460,Wall Street economists expect ‘friendly’ U.S. inflation data this Friday,7369946,,,MarketWatch,Expectations about the future path of Federal Reserve interest-rate policy has been on a roller coaster this year and the next potential swoon could come Friday with the release of the Fed’s preferred inflation measure of consumer inflation.,https://www.marketwatch.com/story/wall-street-economists-expect-friendly-u-s-inflation-data-this-friday-3807ce89
top news,1716747986,"Climate change is behind increasing flight turbulence, Transportation Sec'y Pete Buttigieg says",7369947,https://image.cnbcfm.com/api/v1/image/107393896-17115744322024-03-27t181706z_914418434_rc2hu6ao4ivh_rtrmadp_0_maryland-incident-bridge.jpeg?v=1711574458&w=1920&h=1080,,CNBC,Transportation Secretary Pete Buttigieg says an increase in flight turbulence is an effect of climate change.,https://www.cnbc.com/2024/05/26/climate-change-behind-rising-flight-turbulence-transportation-secy-buttigieg-says.html
